{
 "apeswap-lending": 3829127.617268,
 "cream-lending": 1257779.0315692397,
 "granary-finance": 13797.119721887258,
 "liqee": 19736395.205125,
 "radiant-v2": 95927700.48019862,
 "trava-finance": 87344.7392172989,
 "valas-finance": 1522947.2588901431,
 "venus": 619262752.8933365,
 "wepiggy": 482718.1865868146
}