{
 "aave-v3": 232747097.450843,
 "compound-v3": 49201531.283957236,
 "granary-finance": 384823.9818236312,
 "radiant-v2": 169108701.72030348,
 "silo-finance": 54066385.3256041,
 "wepiggy": 682066.5178818288
}