{
 "amount": {
  "400": [
   440.4235519645758
  ],
  "200": [
   191.105718804,
   205.4797251563304
  ],
  "1": [
   1.0729954078
  ],
  "2": [
   2.1465100488
  ],
  "0": [
   0.23890639880637987
  ],
  "7": [
   7.06529818638677
  ],
  "10": [
   10.787067577192854
  ]
 },
 "n_events": {
  "1": [
   1,
   1,
   1,
   1
  ],
  "2": [
   2,
   2
  ]
 },
 "number_of_events": {
  "0xe97fecebde0e222c4dfded8f9da7a8dd8f8559bb": 1,
  "0x9290be33360e294f6dfb2a213f344034e7b79f9b": 1,
  "0xc4510c342a25c39109fc77dbdbe08af53fcca959": 2,
  "0x4a03c2a9f3a11b1fc154c8bc9b825e0ff503b028": 2,
  "0xd76f1c2764a5f22548713cde767b5b752170d6d7": 1,
  "0xb8a16dc085f9cfd934e53e8cea71647488f89800": 1
 },
 "amount_of_events": {
  "0xe97fecebde0e222c4dfded8f9da7a8dd8f8559bb": 440.4235519645758,
  "0x9290be33360e294f6dfb2a213f344034e7b79f9b": 191.105718804,
  "0xc4510c342a25c39109fc77dbdbe08af53fcca959": 3.2195054566000003,
  "0x4a03c2a9f3a11b1fc154c8bc9b825e0ff503b028": 11.025973975999234,
  "0xd76f1c2764a5f22548713cde767b5b752170d6d7": 7.06529818638677,
  "0xb8a16dc085f9cfd934e53e8cea71647488f89800": 205.4797251563304
 }
}